4641	Where should I park my rainy-day / emergency fund?
5503	Tax considerations for selling a property below appraised value to family?
7803	Can the Delta be used to calculate the option premium given a certain target?
7017	Basic Algorithmic Trading Strategy
10152	What does a high operating margin but a small but positive ROE imply about a company?
3451	Should you keep your stocks if you are too late to sell?
4804	How do financial services aimed at women differ from conventional services?
7911	What is the difference between a 'trader' and a 'stockbroker'?
10809	Definitions of leverage and of leverage factor
6715	What does it mean if “IPOs - normally are sold with an `underwriting discount` (a built in commission)”
2388	Do financial advisors get better deals on mortgages?
753	Taxes due for hobbyist Group Buy
4465	How to donate to charity that will make a difference?
7326	Do brokers execute every trade on the exchange?
5951	Why can't house prices be out of tune with salaries
5653	Steps and timing of the SEIS investment (in the UK)
10827	How much should I be contributing to my 401k given my employer's contribution?
9771	Is there any emprical research done on 'adding to a loser'
7105	What is the difference between fixed-income duration and equity duration?
9332	What can I do with a physical stock certificate for a now-mutual company?
3724	Should you always max out contributions to your 401k?
5853	Paying Off Principal of Home vs. Investing In Mutual Fund
6832	incorrect printed information on check stock
6807	How to incorporate dividends while calculating annual return of a Stock
570	Employer options when setting up 401k for employees
7279	If I invest in securities denominated in a foreign currency, should I hedge my currency risk?
594	Should a retail trader bother about reading SEC filings
10122	Why diversify stocks/investments?
3091	Am I considered in debt if I pay a mortgage?
904	How do I set up Quickbooks for a small property rental company that holds its properties in separate LLC's?
4037	How separate individual expenses from family expenses in Gnucash?
8537	What is an “Options Account”?
3357	Why big clients want the contractor to be incorporated before giving them work
1783	Freelancing Tax implication
6004	Put-Call parity - what is the difference between the two representations?
2923	Should I give to charity by check or credit card?
5271	Why are auto leases stubbornly strict about visa status and how to work around that?
2108	Can I pay taxes using bill pay from my on-line checking account?
7590	Why are US target retirement funds weighted so heavily towards US stocks?
932	Is freelance income earned by a U.S. citizen while living abroad subject to state income tax?
5981	Is it a good investment for a foreigner to purchase a flat/apartment in China?
4837	When applying for a mortgage, can it also cover outstanding debts?
4415	How much is inflation?
1915	Should I pay a company who failed to collect VAT from me over 6 months ago?
8378	Should I wait a few days to sell ESPP Stock?
2316	What exchange rate does El Al use when converting final payment amount to shekels?
8102	When do I sell a stock that I hold as a long-term position?
3405	Non Resident aliens - Question of standard vs itemized
7928	If I believe a stock is going to fall, what options do I have to invest on this?
603	Will one’s education loan application be rejected if one doesn't have a payslip providing collateral?
1281	How FTB and IRS find mistakes in amended tax returns? Are their processes reliable?
3830	US citizen transferring money to Indian fiance to buy property
3837	Opening a Roth IRA account, what is the fee structure for Vanguard, Scottrade and TIAA-CREF
4447	Should I always hold short term bonds till maturity?
2376	Why do gas stations charge different amounts in the same local area?
4777	How to finance necessary repairs to our home in order to sell it?
5741	Learning investing and the stock market
2318	F1 student and eBay selling tax
620	Is it wise to have plenty of current accounts in different banks?
8271	Income in zero-interest environment
4865	Why are historical prices of stocks different on different websites? Which one should I believe?
864	Why use accounting software like Quickbooks instead of Excel spreadsheets?
5888	Interest charges on balance transfer when purchases are involved
2568	How to pay with cash when car shopping?
5150	What credit card information are offline US merchants allowed to collect for purposes other than the transaction?
7124	How come we can find stocks with a Price-to-Book ratio less than 1?
2857	I have around 60K $. Thinking about investing in Oil, how to proceed?
8539	Can the risk of investing in an asset be different for different investors?
6896	Selling high, pay capital gains, re-purchase later
1085	How do disputed debts work on credit reports?
5422	What are some good books for learning stocks, bonds, derivatives e.t.c for beginner with a math background?
8247	Tax on Stocks or ETF's
4946	Something looks off about Mitsubishi financial data
10482	Rollover into bond fund to do dollar cost averaging [duplicate]
4571	HSBC Hong Kong's “Deposit Plus” Product: What is it, and what strategies to employ?
8789	What does “profits to the shareholders jumped to 15 cents a share” mean?
8034	What is the average cost of a portfolio on a trading site?
4600	Why government bonds fluctuate so much, even though interest rates don't change that often?
2423	At what age should I start or stop saving money?
8475	Why I cannot find a “Pure Cash” option in 401k investments?
4523	What should I do with my $25k to invest as a 20 years old?
8513	Buy on dip when earnings fail?
1198	What are the consequences of IRS “reclassification” on both employer and employee?
9291	Are there any consequences for investing in Vanguard's Admiral Shares funds instead of ETF's in a Roth IRA?
8532	What do these options trading terms mean?
1824	Is there a way to open a U.S. bank account for my LLC remotely?
5054	How to stress test an investment plan?
1159	what is the best way to do a freelancing job over the summer for a student
4920	Does financing a portfolio on margin affect the variance of a portfolio?
68	Intentions of Deductible Amount for Small Business
7269	How do I track investment performance in Quicken across rollovers?
750	Paid part of my state refund back last year; now must declare the initial amount as income?
9701	How to bet against the London housing market?
6199	How can all these countries owe so much money?  Why & where did they borrow it from?
9126	Short an option - random assignment?
34	401k Transfer After Business Closure
4011	How can I deal with a spouse who compulsively spends?
4700	Better to get loan from finance company or bank considering the drop of credit score?
6395	Option settlement for calendar spreads
852	Dalbar: How can the average investor lose money?
9115	Why does the calculation for percentage profit vary based on whether a position is short vs. long?
1297	Why aren't there solutions for electronic itemized receipt for retail in-store purchases?
5085	What is vested stock and yearly dividends?
4767	New car: buy with cash or 0% financing
2593	Am I “cheating the system” by opening up a tiny account with a credit union and then immediately applying for a huge loan?
2724	How do you determine the dividend payout date for Mutual Funds?
11088	Am I required to have a lawyer create / oversee creation of my will?
18	1 EIN doing business under multiple business names
109	How to account for money earned and spent prior to establishing business bank accounts?
8351	What happens when a calendar spread is assigned in a non-margin account?
6131	Is it ever a good idea to close credit cards?
3480	Why is OkPay not allowed in the United States?
7992	What type of pension should I get?
858	Is it bad practice to invest in stocks that fluctuate by single points throughout the day?
4019	How and Should I Invest (As a college 18 year old with minimal living expenses)?
6080	Is ScholarShare a legitimate entity for a 529 plan in California?
2580	Stock market vs. baseball card trading analogy
7513	Where are Bogleheadian World ETFs or Index funds?
6959	What is the term for the quantity (high price minus low price) for a stock?
5402	Is it impossible to get a home loan with a poor credit history after a divorce?
4504	what is the best way of investment which gives returns forever?
6562	Cheapest way to “wire” money in an Australian bank account to a person in England, while I'm in Laos?
4775	Should I finance a car to build credit for a mortgage next year?
9565	What are the tax benefits of dividends vs selling stock
10734	How do you translate a per year salary into a part-time per hour job?
701	What are the ins/outs of writing-off part of one's rent for working at home?
585	Following an investment guru a good idea?
8934	Dividend yield for multiple years?
11054	Short Term Capital Gains tax vs. IRA Withdrawal Tax w/o Quarterly Est. Taxes
56	Can a entrepreneur hire a self-employed business owner?
6862	Canada discount stock brokers: Interactive Brokers vs. Questrade?
9598	How do index funds actually work?
4265	Does it make any sense to directly contribute to reducing the US national debt?
90	Filing personal with 1099s versus business s-corp?
8592	Tax implications of exercising ISOs and using proceeds to exercise more ISOs
10547	How much do brokerages pay exchanges per trade?
5231	Where to find CSV or JSON data for publicly traded companies listed with their IPO date?
7674	Choosing the limit when making a limit order?
3103	AVS Address Verification System of BOTH Credit and Debit Cards - WHERE, HOW?
10137	F-1 student investing in foreign markets
1415	I am not VAT registered. Do I need to buy from my supplier with excl VAT prices or incl VAT?
5940	How does investment into a private company work?
6612	If I have a lot of debt and the housing market is rising, should I rent and slowly pay off my debt or buy and roll the debt into a mortgage?
945	Paid by an American company but working from France: where should I pay taxes?
2549	How to graph the market year over year? for example Dow Jones Index
4714	Personal finance app where I can mark transactions as “reviewed”?
588	Is there a reason to buy a 0% yield bond?
4233	Are personal finance / money management classes taught in high school, anywhere?
6441	Trading with Settled / Unsettled Funds (T+3)
8456	What typically happens to unvested stock during an acquisition?
10213	Looking for good investment vehicle for seasonal work and savings
106	What approaches are there for pricing a small business?
4306	How do currency markets work? What factors are behind why currencies go up or down?
5196	I might use a credit card convenience check. What should I consider?
3006	Strategies for putting away money for a child's future (college, etc.)?
7205	Is it possible to see option prices from the past?
3909	How to rescue my money from negative interest?
4116	Would the effects of an anticipated default by a nation be mostly symbolic?
4942	find stock composition of a publicly traded fund
6907	Nominal value of shares
5464	Resources on Buying Rental Properties
2385	As director, can I invoice my self-owned company?
691	How to categorize credit card payments?
3177	Vanguard ETF vs mutual fund
10034	Tax implications of holding EWU (or other such UK ETFs) as a US citizen?
5090	Should I take a student loan to pursue my undergraduate studies in France?
2088	How would I go about selling the stock of a privately held company?
9391	Should I replace bonds in a passive investment strategy
529	Sole proprietorship or LLC?
2118	What happened in Argentina in 2001 bank sector? did the banks closed? all or some?
3148	Can a car company refuse to give me a copy of my contract or balance details?
4955	How to calculate the value of a bond that is priced to yield X%
8275	Buy/Selling prices at the stock exchange represent someone Selling/Buying at that price?
4678	Finance, Cash or Lease?
2398	Frustrated Landlord
3569	Funds in closed bank account have gone to the government
8072	What does it mean “sell on ask” , “sell on bid” in stocks?
7734	Can PE ratio of stocks be compared to other investments?
8947	Can a Roth IRA be used as a savings account?
6746	What happens if stock purchased on margin plummets below what I have in the brokerage?
5511	Pay off car loan entirely or leave $1 until the end of the loan period?
6009	Why can low volume move a stock price drastically?
813	Income Tax and Investments
8834	Pros/Cons of Buying Discounted Company Stock
1157	Personal taxes for Shopify / Paypal shop?
988	Where should I invest my savings?
3369	Why should one only contribute up to the employer's match in a 401(k)?
9296	Why would Two ETFs tracking Identical Indexes Produce different Returns?
9643	Is there any public data available to determine an ETF's holdings?
9245	Stock Options for a company bought out in cash and stock
3490	Tax Witholding for Stock Sale
5763	What is the best way to get a “rough” home appraisal prior to starting the refinance process?
26	Applying for and receiving business credit
4962	Net Cash Flows from Selling the Bond and Investing
4846	Is there anything comparable to/resembling CNN's Fear and Greed Index?
2460	What are the consequences of not respecting a notice period when leaving a job?
9403	Abundance of Cash - What should I do?
5646	Do I need multiple credit monitoring services?
3503	Is there any instance where less leverage will get you a better return on a rental property?
2676	Tax question about selling a car
929	Freelancer: Should I start a second bank account?
5993	Why would anyone want to pay off their debts in a way other than “highest interest” first?
10845	Rationale behind using 12, 26 and 9 to calculate MACD
8116	A-B-C Class Shares: What's the difference?
9633	Video recommendation for stock market education
5710	Bucketing investments to track individual growths
9824	Where can end-of-day data be downloaded for corporate bonds?
7529	Does the expense ratio of a fund-of-funds include the expense ratios of its holdings?
475	Do I need a new EIN since I am hiring employees for my LLC?
5021	Is there a more flexible stock chart service, e.g. permitting choice of colours when comparing multiple stocks?
9548	How do I research, analyze, and choose the right mutual fund for a roth ira?
7592	few question about debit credit and liabilities
2968	Should I prioritize retirement savings inside of my HSA?
7758	Bid/ask spreads for index funds
3612	How can I buy and sell the same stock on the same day?
10596	Does a market maker sell (buy) at a bid or ask price?
4153	How do I invest in emerging markets
4409	My friend wants to put my name down for a house he's buying. What risks would I be taking?
5369	Paying for things on credit and immediately paying them off: any help for credit rating?
2070	Advantage of credit union or local community bank over larger nationwide banks such as BOA, Chase, etc.?
5505	Can I deduct interest and fees on a loan for qualified medical expenses?
6611	How does Vanguard determine the optimal asset allocation for their Target Retirement Funds?
11039	Pay off credit card debt or earn employer 401(k) match?
5460	Paying off a loan with a loan to get a better interest rate
7925	Can I sell a stock immediately?
4286	Given advice “buy term insurance and invest the rest”, how should one “invest the rest”?
3789	How to work around the Owner Occupancy Affidavit to buy another home in less than a year?
5228	How does the bank/IRS know whether a bank transfer over $14k is a gift or loan repayment?
2685	What ways are there for us to earn a little extra side money?
8702	Why is early exercise generally not recommended for an in-the-money option?
1877	As a Sole Proprietor, will “employer” Solo 401k contributions count towards gross income?
10645	Explain the details and benefits of rebalancing a retirement portfolio?
1090	Need a formula to determine monthly payments received at time t if I'm reinvesting my returns
7080	Wash sale rule with dividend reinvestment
6122	Better to rent condo to daughter or put her on title?
3682	Short selling - lender's motivation
4514	What intrinsic, non-monetary value does gold have as a commodity?
8507	When to sell a stock?
6221	To pay off a student loan, should I save up a lump sum payoff payment or pay extra each month?
1819	Found an old un-cashed paycheck. How long is it good for? What to do if it's expired?
6468	Why deep in the money options have very low liquidity
3008	What are my chances at getting a mortgage with Terrible credit but High income
9925	What does Chapter 11 Bankruptcy mean to an investor holding shares of a Chapter 11 Company?
4007	What is a reasonable salary for the owner and sole member of a small S-Corp?
6644	How to know precisely when a SWIFT is issued by a bank?
6420	Does the bid/ask concept exist in dealer markets?
6713	Will my father still be eligible for SNAP if I claim him as my dependent?
4844	How to read bond yield quotes? What do the time, coupon, price, yield, and time mean?
7463	Pros/cons of borrowing money using a mortgage loan and investing it in a low-fee index fund?
6479	Trading on exchanges or via brokerage companies?
10267	How should I prepare for the next financial crisis?
7622	Best way to pay off debt?
10979	Closing a futures position
2498	How do I calculate tax liability on the turnover of a small vendor?
2010	Paypal website donations without being a charity
3767	What should I be doing to protect myself from identity theft?
7145	Are there “buy and hold” passively managed funds?
6554	Mutual fund value went down, shares went up, no action taken by me
9556	How does pre-market trading work?
2445	How do I notify the IRS of a new member to an LLC?
6410	Will an ETF immediately reflect a reconstitution of underlying index
5155	For insurance, why should you refuse $4,000/year for only 10 years and prefer $500/year indefinitely?
5030	Why pay for end-of-day historical prices?
6252	Is this mortgage advice good, or is it hooey?
885	How long do credit cards keep working after you disappear?
7377	What type of returns Vanguard is quoting?
4031	28 years old and just inherited large amount of money and real estate - unsure what to do with it
766	Will the ex-homeowner still owe money after a foreclosure?
8779	How does a defined contribution plan work
2183	Why are there many small banks and more banks in the U.S.?
6219	Are there Investable Real Estate Indices which track Geographical Locations?
6849	What do the points in a stock market index epresent?
8079	Growth rate plus dividend yieid total?
5086	Mortgage loan implications when tearing down existing house and building new one?
8202	What accounted for DXJR's huge drop in stock price?
7345	What do these numbers mean? (futures)
2648	How does unemployment insurance work?
7441	Since many brokers disallow investors from shorting sub-$5 stocks, why don't all companies split their stock until it is sub-$5
776	Can saving/investing 15% of your income starting age 25, likely make you a millionaire?
5125	Regarding Australian CBS takeover of TEN
89	How can I deposit a check made out to my business into my personal account?
9329	Interactive Brokers: IOPTS and list of structured products
2516	Which banks have cash-deposit machines in Germany?
6629	Tax treatment of a boxed trade?
8970	What's the difference, if any, between stock appreciation and compound interest?
4484	Has the likelihood of getting a lower interest rate by calling & asking been reduced by recent credit card regulations?
1451	How do you find an ethical, honest independent insurance broker in Canada?
1889	Reporting financial gains from my online store
1920	Clarification on student expenses - To file the tax for the next year
8013	Frequency of investments to maximise returns (and minimise fees)
3759	Simplifying money management
7295	Selling non-dividend for dividend stocks
7448	If an index goes up because an underlying company issues more shares, what happens to the ETF
7329	Does Implied Volatilty factor in all known future events?
10639	Short term parking of a large inheritance?
6635	Why don't share prices of a company rise every other Friday when the company buys shares for its own employees?
4312	Is it true that 90% of investors lose their money?
1230	How does Walmart account their expired food
2486	Is working on a W2 basis, with benefits paid to me, a good idea?
6121	What are my best options if I don't have a lot of credit lines for housing loans?
859	Any reason to keep around my account with my old, 'big' bank?
6525	Does it make sense to trade my GOOGL shares for GOOG and pocket the difference?
2590	Are non-residents or foreigners permitted to buy or own shares of UK companies?
3781	What is the rough estimate of salary value for a taxpayer to pay AMT?
5374	What were the main causes of the spike and drop of DRYS's stock price?
1310	Is is possible to take a mortgage using Bitcoin as collateral?
8005	Difference between Vanguard sp500 UCITS and Vanguard sp500
2994	Work on the side for my wife's company
6142	How does stabilization work during an IPO?
3125	Claiming mileage allowances, what are the rules/guidelines?
8832	Is it possible to buy commodity ETFs (e.g. silver) through Questrade?
3683	Can I trust the Motley Fool?
939	How to correct a tax return filed electronically and already approved?
7206	Who Bought A Large Number Of Shares?
10246	Understanding the T + 3 settlement days rule
5241	Mortgage vs. Cash for U.S. home buy now
8121	Can I calculate stock value with Williams%R if I know the last set?
98	How can I make $250,000.00 from trading/investing/business within 5 years?
5064	How much should a graduate student attempt to save?
4615	Are solar cell panels and wind mills worth the money?
7467	Stocks are traded on secondary markets?
1676	W2 vs 1099 Employee status
503	Privacy preferences on creditworthiness data
3264	Pros and Cons of Interest Only Loans
6467	Advice on strategy for when to sell
4289	Does the currency exchange rate contain any additional information at all?
4394	Transfer $50k to another person's account (in California, USA)
4047	Does doing your “research”/“homework” on stocks make any sense?
1815	Rules for SEP contributions in an LLC?
7218	What margin is required to initiate and maintain a short sale
8982	Are Exchange-Traded Funds (ETFs) less safe than regular mutual funds?
8874	When can you adjust for (and re-allow) a disallowed year-end (December) wash-sale loss?
549	Where to request ACH Direct DEBIT of funds from MY OWN personal bank account?
2407	How long to wait after getting a mortgage to increase my credit limit?
8937	“In-the-Money” vs “Out-of-the-Money” Call Options
7344	How is the Dow divisor calculated?
2856	How can I cash out a check internationally?
7801	What are some well known or well regarded arguments against investing?
2395	Freelance site with lowest commission fees?
6875	Where to find free Thailand stock recommendations and research?
6891	What is the theory behind Rick Van Ness's risk calculation in the video about diversification?
7702	Bond ETFs vs actual bonds
2695	Buy a parking spot and rent it out, or invest savings in an interest-bearing account?
5616	How and where do companies publish financial reports?
928	How can I determine if a FHA loan refinance offer is from a reputable lender
10447	Is there an advantage to a traditional but non-deductable IRA over a taxable account? [duplicate]
5427	How do auto-loan payments factor into taxes for cars that are solely used by dependent(s)?
2587	Typically how many digits are in a cheque number?
5782	Pay off credit cards in one lump sum, or spread over a few months?
9871	What should I do with the 50k I have sitting in a European bank?
6668	Approximate IT company valuation (to proximate stock options value)
1284	Tax consequences when foreign currency changes in value
2443	What are some way to transfer money from Hong Kong to India on a monthly basis?
3179	Calculation, timing, and taxes related to profit distribution of an S-corp?
3404	In US, is it a good idea to hire a tax consultant for doing taxes?
3453	How does spot-futures arbitrage work in the gold market?
5045	Why are we taxed on revenue and companies on profit?
5808	How do you calculate return on investment for a share of stock?
4845	What is the difference between fund and portfolio?
3625	What should I do with my paper financial documents?
6679	Specifically when do options expire?
6005	Why might it be advisable to keep student debt vs. paying it off quickly?
8544	Strategies to recover from a bad short-term call options purchase where the underlying dropped instead?
4464	Are Australian mutual fund fees large compared to US?
3822	How to change a large quantity of U.S. dollars into Euros?
7879	Any Tips on How to Get the Highest Returns Within 4 Months by Investing in Stocks?
3115	How can I live outside of the rat race of American life with 300k?
8512	Is it possible to transfer stock I already own into my Roth IRA without having to sell the stock?
3995	I have more than $250,000 in a US Bank account… mistake?
559	Challenged an apparently bogus credit card charge, what happens now?
3791	"When people say 'Interest rates are at all time low!"" … Which interest rate are they actually referring to?"
8002	What is the tax treatment of scrip dividends in the UK?
4179	Why could the serious financial woes of some EU member states lead to the end of the Euro?
2891	May I claim money earned but not received in 2012
853	What will my taxes be as self employed?
10136	How to minimise the risk of a reduction in purchase power in case of Brexit for money held in a bank account?
8635	Is there any flaw in this investment scheme?
2513	How does revenue shared with someone else go into my tax return in Canada?
5206	Is it a good idea to get an unsecured loan to pay off a credit card that won't lower a high rate?
8959	How is the opening-day price of a stock decided?
4433	When should you use an actively managed mutual fund in a 401k?
4188	Why is the stock market rising after Trump's attack on the TPP?
2713	Physical Checks - Mailing
9060	Buying puts without owning underlying
7098	Can another tax loss be used to offset capital gains taxes? How does it work?
10628	What happens with the “long” buyer of a stock when somebody else's short fails (that is, unlimited loss bankrupts short seller)
6683	Who are the sellers for the new public stocks?
10183	How are various types of income taxed differently in the USA?
3829	Are all VISA cards connected with bank accounts?
5585	Is there any site you can find out about the 'bonus features' of credit cards?
4105	As an investor what are side effects of Quantitative Easing in US and in EU?
1074	How common is “pass-through” health insurance?
2465	Can capital expenses for volunteer purposes be deducted from income?
4640	What can my relatives do to minimize their out of pocket expenses on their fathers estate
9275	Do I have to pay a capital gains tax if I rebuy the same stock within 30 days?
10497	Why would you elect to apply a refund to next year's tax bill?
9481	What are reasonable administrative fees for an IRA?
3500	Why invest in becoming a landlord?
4205	How and why does the exchange rate of a currency change almost everyday?
1306	I made an investment with a company that contacted me, was it safe?
1826	Is the contribution towards Employment Insurance (EI) wasted if I never get fired, or are my premiums refunded?
6262	Help required on estimating SSA benefit amounts
5347	car loan life insurance
4500	What to ask Warren Buffet at the Berkshire Hathaway shareholder meeting?
3615	My previous and current employers both use Fidelity for 401(k). Does it make sense to rollover?
8632	Is it best to exercise options shares when they vest, or wait
9979	What is the best way to invest in gold as a hedge against inflation without having to hold physical gold?
9617	What differentiates index funds and ETFs?
1948	Which colors can one use to fill out a check in the US?
6133	What happens to all of the options when they expire?
9737	Long(100%)-Short(-100%) investment explanation
3771	Best way to buy Japanese yen for travel?
1736	How can people have such high credit card debts?
5255	Thrift Saving Plan (TSP) Share Price Charts
5380	Can somebody explain “leveraged debt investment positions” and “exposures” in this context for me, please?
9188	Selling mutual fund and buying equivalent ETF: Can I 1031 exchange?
2051	Where to find the 5 or 10 year returns for a mutual fund?
5067	LLC: Where should the funds for initial startup costs come from?
10414	What is considered high or low when talking about volume?
6814	Selling Stock - All or Nothing?
6146	Lost credit card replaced with new card and new numbers. Credit score affected?
4756	What is the formula for the Tesla Finance calculation?
7754	Inverse Relationship between Volatility and Beta
2076	Can vet / veterinary bills be considered deductions (tax-deductible) for Income Tax purposes [Canada]?
1322	Is this follow-up after a car crash a potential scam?
2880	Can I transfer my investment property into a SMSF?
5172	does interest payment on loan stay the same if I pay early
5185	Invest in low cost small cap index funds when saving towards retirement?
9644	If early exercise is a bad idea, why American option is more expensive than European [duplicate]
6909	Why do stocks priced above $2.00 on the ASX sometimes move in $0.005 increments?
5906	0% APR first 12 months on new credit card. Can I exceed that 30% rule of thumb and not hurt my credit score?
2348	Why can't you just have someone invest for you and split the profits (and losses) with him?
687	Online tool to connect to my bank account and tell me what I spend in different categories?
8017	Purchasing ETFs when (pretty much) everything else is maxed out
8795	Stock exchanges using open outcry
4499	Is investing exlusively in a small-cap index fund a wise investment?
9929	Investing in commodities, pros and cons?
42	What are the ins/outs of writing equipment purchases off as business expenses in a home based business?
3530	How to exclude stock from mutual fund
5592	Are “hard money loans” meant only for real estate?
8296	Can the beta of a stock be used as a lagging indicator for the stock w.r.t the market
659	Buying from an aggressive salesperson
9108	Starting an investment portfolio with Rs 5,000/-
6835	Are bond ETF capital gains taxed similar to stock or stock funds if held for more than 1 year?
6803	What are the common moving averages used in a “Golden Cross” stock evaluation?
9381	Trade? Buy and hold? Or both?
4414	Do high interest rates lead to higher bond yields or lower?
3067	Should I make extra payments to my under water mortgage or increase my savings?
4125	Alternative means of salary for my employees
1150	How are the best way to make and save money at 22 years old
7431	Pay off mortgage or invest in high value saving account
2384	Tax: 1099 paper form
895	California tells me I didn't file documents for an LLC that isn't mine. What do I do?
7747	What happens to bonds values when interest rates rise? [duplicate]
879	Capital improvement and depreciation in restaurant LLC
8040	Best way to make most of savings with ISA and Offset mortgage
3051	What items are exempt from the VAT? [U.K.]
7705	Why would I pick a specific ETF over an equivalent Mutual Fund?
10039	Do individual investors use Google to obtain stock quotes?
9808	Selling To Close
7188	What explains the enormous increase in gold price in the early 21st century?
4813	Dealer Financing Fell Through on vehicle purchase: Scam?
3888	Why I can't view my debit card pre-authorized amounts?
10109	Why does Charles Schwab have a Mandatory Settlement Period after selling stocks?
957	How can I withdraw money from my LLC?
10601	Bitcoin Cost Basis Purchases
1871	Is there any US bank that does not charge for incoming wire transfers?
5331	Exercises of employee share options
2790	Should I pay more than 20% down on a home?
9882	Money-market or cash-type ETFs for foreigners with U.S brokerage account
4999	Looking for a good source for Financial Statements
4142	Relation between inflation rates and interest rates
3189	Diversify my retirement investments with a Roth IRA
5134	Why does Yahoo Finance's data for a Vanguard fund's dividend per share not match the info from Vanguard?
1321	Are social media accounts (e.g. YouTube, Twitter, Instagram, etc.) considered assets?
10710	Probablity of touching In the money vs expiring in the money for an american option
6890	Where does the money go when I buy stocks?
3049	How to calculate my estimated taxes. 1099 MISC + Self Employment
849	Accounting for reimbursements that exceed actual expenses
4539	How should I save money if the real interest rate (after inflation) is negative?
4084	What industries soar when oil prices go up?
715	what would you do with $100K saving?
2416	Why should a company go public?
7509	Investment Portfolio Setup for beginner
2204	What's an economic explanation for why greeting cards are so expensive?
9646	Do common stocks and preferred stocks have any differences in terms of percentage of the company per unit they represent?
2334	How do you determine “excess cash” for Enterprise Value calculations from a balance sheet?
2903	How should I file my taxes as a contractor?
4827	Are all financial advisors compensated in the same way?
5534	How does “taking over payments” work?
9668	Do stock option prices predicate the underlying stock's movement?
1530	What is the proper way to report additional income for taxes (specifically, Android development)?
504	Have plenty of cash flow but bad credit
721	What are “upstream investments” and “downstream investments” in this context?
2296	How does a bank make money on an interest free secured loan?
3186	United States Treasury Not Endorsing Checks
10975	How to contribute to Roth IRA when income is at the maximum limit & you have employer-sponsored 401k plans?
3859	Buying an investment property in Australia - what are the advantages and disadvantages of building a house vs buying an existing one?
1994	Does the IRS reprieve those who have to commute for work?
6647	What is meant by “priced in”?
9164	Bonds vs equities: crash theory
1812	splitting a joint mortgage - one owner in home
10462	Is it okay to be married, 30 years old and have no retirement?
8855	How do i get into investing stocks [duplicate]
7594	Converting annual interbank rates into monthly rates
4968	Reasons behind a large price movement of a penny stock without any recent news releases?
7876	Why do stocks split?
7071	ESPP strategy - Sell right away or hold?
3534	Why do dishonour fees exist?
8974	As a 22-year-old, how risky should I be with my 401(k) investments?
10912	Forex independent investments
2737	What to do with an old building to get money
2964	Unmarried Couple Splitting up with Joint Ownership of Home
5178	Formula that predicts whether one is better off investing or paying down debt
5061	What fiscal scrutiny can be expected from IRS in early retirement?
7880	Are there index tracking funds that avoid the “buy high - sell low” problem?
9385	Meaning of reinvestment
4411	How does the importance of a cash emergency fund change when you live in a country with nationalized healthcare?
515	financial institution wants share member break down for single member LLC
2075	Are stories of turning a few thousands into millions by trading stocks real?
8230	Why would this kind of penny stock increase so much in value?
4335	What is the US Fair Tax?
7533	Investing tax (savings)
5683	What is the PEG ratio? How is the PEG ratio calculated? How is the PEG ratio useful for stock investing?
4785	What is the difference between a structured collar and a normal collar in finance?
7456	What is market order's relation to bid ask spread?
3528	In the US, does getting a loan with a cosigner, help your credit rating?
1393	Which is better when working as a contractor, 1099 or incorporating?
9487	Is a public company allowed to issue new shares below market price without consulting shareholders?
10792	How can I calculate a “running” return using XIRR in a spreadsheet?
5264	Does a company's stock price give any indication to or affect their revenue?
9733	Due Diligence - Dilution?
4339	What could happen to Detroit Municipal bonds because of Detroit's filing for bankruptcy?
7311	Finance, Social Capital IPOA.U
744	What options are available for a home loan with poor credit but a good rental history?
7141	Do investors go long option contracts when they cannot cover the exercise of the options?
672	Credit and Debit
6002	15 year mortgage vs 30 year paid off in 15
4071	If our economy crashes, and cash is worthless, should i buy gold or silver
4103	What causes US Treasury I bond fixed interest to increase?
1441	What's the difference between Market Cap and NAV?
3254	Why do people buy US dollars on the black market?
7512	understanding the process/payment of short sale dividends
2589	How can I detect potential fraud in a company before investing in them?
2598	Is it possible for US retail forex traders to trade exotic currencies?
6800	I don't live in America. How can I buy IPO stock of newly listed companies in the United States?
1391	How is taxation for youtube/twitch etc monetization handled in the UK?
6278	What is the best way to help my dad consolidate his credit card debt at a lower rate?
7534	Can you explain why it's better to invest now rather than waiting for the market to dip?
5356	Historical stock prices: Where to find free / low cost data for offline analysis?
2579	What to do when a job offer is made but with a salary less than what was asked for?
9961	Employer rollover from 403b to 401k?
7484	Why sometimes payable date is BEFORE the ex-dividend date?
5790	FX losses on non-UK mortgage for UK property - tax deductable?
7823	Retirement Funds: Betterment vs Vanguard Life strategy vs Target Retirement
689	Receive credit card payment sending my customer details to a credit card processing company?
604	Is there a dollar amount that, when adding Massachusetts Sales Tax, precisely equals $200?
9174	Which U.S. online discount broker is the best value for money?
6867	Will there always be somebody selling/buying in every stock?
5970	How to calculate ownership for property with a partner
4681	How to fix Finance::Quote to pull quotes in GnuCash
1670	Investing in hemp producers in advance of possible legalization in Canada?
6901	Rules for Broker Behavior with Covered Calls
10808	What are a few sites that make it easy to invest in high interest rate mutual funds?
2383	Should I Purchase Health Insurance Through My S-Corp
3085	How long can I convert 401(k) to Roth 401(k)?
104	Investing/business with other people's money: How does it work?
5083	Co-signer deceased
684	Beyond RRSP deductions, how does a high income earner save on taxes?
10674	How to sell a stock in a crashing market?
3594	If I were to get into a life situation where I would not be able to make regular payments, do lenders typically provide options other than default?
10526	What extra information might be obtained from the next highest bids in an order book?
2181	What are the risks & rewards of being a self-employed independent contractor / consultant vs. being a permanent employee?
10994	Net loss not distributed by mutual funds to their shareholders?
5903	Fees aside, what factors could account for performance differences between U.S. large-cap index ETFs?
5620	What's the fuss about identity theft?
5254	How do I calculate the quarterly returns of a stock index?
7221	How Technical Analysts react to non-market hours effects
3446	What's the difference between Term and Whole Life insurance?
7936	Why naked call writing is risky compare to Covered call?
2472	How do I deal with a mistaken attempt to collect a debt from me that is owed by someone else?
2306	To whom should I report fraud on both of my credit cards?
7633	Can a trade happen “in between” the bid and ask price?
2400	Will I be paid dividends if I own shares?
5549	Pros / cons of being more involved with IRA investments [duplicate]
1832	Warren Buffett and Charles Munger advice for small investors?
2749	Is it possible to create a self-managed superannuation fund to act as a mortage offset? (Australia)
3801	Can a bunch of wealthy people force Facebook to go public?
3735	Shorting Stocks And Margin Account Minimum
622	Accidentally opened a year term CD account, then realized I need the money sooner. What to do?
9088	Brokerage account for charity
4605	If the U.S. defaults on its debt, what will happen to my bank money?
2330	How can I determine if a debt consolidation offer is real or a scam?
6792	Where to find the full book of outstanding bids/asks for a stock?
6625	What does a high theta mean for an option position?
2885	Merits of buying apartment houses and renting them
15	Can I send a money order from USPS as a business?
6110	Why does short selling require borrowing?
4823	Close to retirement & we may move within 7 years. Should we re-finance our mortgage, or not?
3694	Has anyone created a documentary about folks who fail to save enough for retirement?
8	How to deposit a cheque issued to an associate in my business into my business account?
1309	Why does FlagStar Bank harass you about payments within grace period?
3039	Can increasing my tax withholding from my full-time job cover FICA taxes for my freelance work?
699	Prepaid Rent (Accrual Based Accounting)
7109	How do I analyse moving averages?
5080	Is there a standard or best practice way to handle money from an expiring UTMA account?
4981	Where can I find open source portfolio management software?
3875	Does freedom to provide services allow me contracting in Germany without paying taxes there (but in my home EU country)?
3932	How do historically low interest rates affect real estate prices?
3934	Should market based health insurance premiums be factored into 6 months emergency fund savings?
7445	IS it the wrong time to get into the equity market immediately after large gains?
2264	Personal Tax Return software for Linux?
2895	Where should a young student put their money?
6787	Would it make sense to sell a stock, then repurchase it for tax purposes?
7096	What's the formula for profits and losses when I delta hedge?
2747	What evidence do I need to declare tutoring income on my income tax?
1933	UK sole trader who often buys products/services on behalf of clients – do I deduct from declared income or claim as allowable expenses?
1748	How high should I set my KickStarter funding goal in order to have $35,000 left over?
9735	What are “equity assets”?
5862	Can I get a discount on merchandise by paying with cash instead of credit?
10932	Transferring money from 403B to 401K?
6041	Most effective Fundamental Analysis indicators for market entry
7178	Should an ADR that is being delisted be sold off?
7068	Making money through CFD
7700	Should I re-allocate my portfolio now or let it balance out over time?
10558	Investment strategy for 401k when rolling over soon
3014	What investments are positively related to the housing market decline?
4863	How to calculate new price for bond if yield increases
3149	Tips for insurance coverage for one-man-teams
1416	US resident with Canadian income via T4A-NR
2801	If I deposit money as cash does it count as direct deposit?
5343	“International credit report” for French nationals?
547	What percentage of my company should I have if I only put money?
6985	Bed and Breakfast, Same Day Capital Gains UK
2154	What tax software automatically determines the best filing status, etc?
3394	What is the easiest way to back-test index funds and ETFs?
5410	Dealership made me the secondary owner to my own car
810	Can I open a bank account in the US remotely? Will I pay taxes for the money on it?
3033	Tax consequences of changing state residency?
8332	Why do put option prices go higher when the underlying stock tanks (drops)?
1469	Why do some companies report how well their EBITDA performed even if their overall net profit did equally well?
10812	Is is possible to dispute IRS underpayment penalties?
3512	As an employee, when is it inappropriate to request to see your young/startup company's financial statements?
4102	How can I determine if my rate of return is “good” for the market I am in?
3566	Where can I buy stocks if I only want to invest a little bit at a time, and not really be involved in trading?
94	Using credit card points to pay for tax deductible business expenses
2551	How to find cheaper alternatives to a traditional home telephone line?
2399	Where do web sites get foreign exchange currency rate / quote information?
